source_type,files,chunks,avg_chunk_words,avg_chunk_chars
pdf,2,817,219.6609547123623,1427.6022031823745
web,10,74,207.27027027027026,1337.945945945946
